Tag,Count
for sleep,549
relax,482
relaxing,436
ear to ear,266
tapping,227
whisper,226
triggers,221
stress relief,201
binaural,175
soft spoken,175
trigger,166
whispering,145
tap,134
sleep,120
funny,103
roleplay,96
sounds,94
scratching,88
brush,87
close up,84
personal attention,81
relaxation,80
makeup,78
brushing,77
tingles,76
whispered,76
cosplay,74
face,70
long,69
asmr sleep,64
test,63
blue yeti,62
paper,61
softly speaking,60
personal,51
soft speaking,51
ear,50
medical,49
ramble,48
rode nt1,48
scratch,46
rode,45
writing,45
touching,44
anime,43
nails,43
soft,43
for relaxation,40
book,39
doctor,39
touch,39
attention,37
bottle,37
daisy,37
exam,37
food,36
dark,35
spa,35
compilation,32
water,31
friend,30
girl,30
glass,30
hair,30
spray,30
wood,30
accent,29
assortment,29
light,29
typing,29
wig,29
art,28
fabric,28
makeover,28
microphone,28
rp,28
sound,28
pen,27
questions,27
gentle,26
invisalign,26
liquid,26
shop,26
hour,25
video,25
whispers,25
ears,24
keyboard,24
pencil,24
character,23
lid,23
mic,23
sleep aid,23
toaster coaster,23
box,22
candle,22
close,22
live,22
satisfying,22
school,22
beauty,21
collab,21
fast,21
nt1,21
reading,21
tingle,21
3dio,20
christmas,20
costume,20
dog,20
haul,20
rain,20
tracing,20
your,20
chat,19
cork,19
cozy,19
drawing,19
effect,19
elf,19
glasses,19
hand movements,19
phone,19
talking,19
behind the scenes,18
fire,18
gloves,18
long nails,18
marker,18
oc,18
page,18
plastic,18
singing,18
face touching,17
gaming,17
items,17
lighting,17
magic,17
massage,17
nurse,17
patreon,17
review,17
scissors,17
slow,17
store,17
stress,17
ASMR,16
avatar,16
bloopers,16
cardboard,16
clicking,16
eating,16
headphones,16
metal,16
pokemon,16
sponsored,16
tea,16
vlog,16
wooden,16
you,16
audible,15
cup,15
eyes,15
green screen,15
harry potter,15
helix,15
husband,15
interview,15
lipstick,15
sequel,15
type,15
60fps,14
advice,14
background,14
ben,14
blue,14
casetify,14
challenge,14
collection,14
color,14
halloween,14
meditation,14
name,14
question,14
story,14
talk,14
turning,14
write,14
casual,13
click,13
comedy,13
eye,13
finger,13
fingernails,13
Gibi,13
hotel,13
iphone,13
manga,13
overwatch,13
quiz,13
snip,13
tour,13
custom,12
english,12
fastest,12
flashlight,12
hand,12
hd,12
intense,12
layered,12
measuring,12
mermaid,12
my hero academia,12
quiet,12
repeating,12
skin,12
tag,12
tattoo,12
4k,11
ambiance,11
ambience,11
bag,11
bedroom,11
bnha,11
british,11
camera,11
class,11
college,11
computer,11
death note,11
dnd,11
eyebrows,11
fingers,11
fixing you,11
foam,11
fun,11
game,11
jar,11
korra,11
latex,11
leather,11
lorelei,11
mask,11
microphones,11
pages,11
pretend,11
shorts,11
style,11
teacher,11
towel,11
travel,11
tutorial,11
words,11
ad,10
attack on titan,10
coloring,10
contacts,10
crinkle,10
crunchyroll,10
deep,10
dim,10
fluffy,10
follow the light,10
game of thrones,10
german,10
gfuel,10
haircut,10
hands,10
japan,10
measure,10
mechanical,10
mha,10
movie,10
music,10
nail polish,10
noises,10
paint,10
pov,10
read,10
room,10
shopping,10
side to side,10
speaking,10
tech,10
to,10
unboxing,10
voiceover,10
vrv,10
yeti,10
youtube,10
black and white,9
brushes,9
candy,9
colors,9
cooking,9
cut,9
extreme,9
grocery,9
immersive,9
japanese,9
lotion,9
make up,9
new,9
rambling,9
random,9
relief,9
sci fi,9
sing,9
sorting,9
spoken,9
sponsor,9
stereo,9
survey,9
texture,9
thunder,9
treatment,9
tweezing,9
unintelligible,9
up close,9
visual,9
wizard,9
woman,9
apple,8
atla,8
books,8
calm,8
candles,8
check up,8
checkup,8
coffee,8
crunch,8
effects,8
facial,8
humming,8
luigi,8
lullaby,8
manicure,8
mattress,8
mouse,8
naruto,8
noise,8
office,8
painting,8
parody,8
party,8
personality,8
plucking,8
product,8
products,8
professional,8
show and tell,8
simulation,8
sister,8
sleeping,8
slime,8
softly,8
speed,8
stream,8
sybil,8
tape,8
testing,8
thank you,8
thunderstorm,8
top,8
twin,8
uhd,8
worry removal,8
affirmations,7
aggressive,7
anxiety,7
blue apron,7
boku no hero academia,7
chill,7
chocolate,7
choose your own adventure,7
chop,7
clean,7
cook,7
cover,7
crinkles,7
draw,7
drink,7
drop,7
dungeons and dragons,7
ear touching,7
earmuffs,7
echo,7
experiment,7
eye exam,7
face brushing,7
fail,7
fantasy,7
giveaway,7
guess,7
healing,7
hogwarts,7
hospital,7
house,7
hunter x hunter,7
ipad,7
james,7
lofi,7
loud,7
markers,7
mistletoe,7
mouth sounds,7
night,7
objects,7
pampering,7
photos,7
pink,7
potion,7
pride,7
qanda,7
receptionist,7
repetition,7
robot,7
satine,7
sensory,7
shrek,7
sleepy,7
snacks,7
softly spoken,7
space,7
sponge,7
squish,7
stargirl,7
stickers,7
storm,7
storytime,7
tascam,7
tatyana,7
tips,7
tweezers,7
twitter,7
up,7
video game,7
weird,7
american,6
artist,6
asmrtist,6
big sister,6
black lipstick,6
boots,6
butter,6
cards,6
cat,6
clinic,6
closeup,6
clothes,6
collaboration,6
convention,6
cranial nerve exam,6
cream,6
cutting,6
dentist,6
different,6
edit,6
edition,6
emo,6
eye contact,6
eyebrow,6
facts,6
fan,6
fashion,6
finger flutter,6
finger flutters,6
follow,6
GIBI,6
Gibi ASMR,6
hades,6
help,6
high school,6
holiday,6
honey,6
hours,6
how to,6
hum,6
ice cream,6
jewelry,6
legend of korra,6
library,6
luxury,6
mascara,6
match,6
mercy,6
mess up,6
movements,6
my hero,6
natural,6
new york,6
nintendo,6
no talking,6
ocean,6
ohnips,6
on,6
positive,6
pronouns,6
props,6
purple,6
qtip,6
red,6
relaxing for sleep,6
requests,6
salon,6
saying,6
sharpie,6
shirt,6
silly,6
sketch,6
snipping,6
sound effects,6
spanish,6
special effects,6
spritz,6
study,6
switch,6
team rocket,6
textured,6
toast,6
tools,6
twitch,6
video games,6
voice,6
wax,6
white noise,6
akg,5
allergist,5
aot,5
asmr rooms,5
avatar the last airbender,5
bakugou,5
beach,5
bed,5
bedtime,5
belt,5
big,5
blanket,5
blue eyes,5
bowl,5
buttons,5
calming,5
cant sleep,5
cartoon,5
case,5
characters,5
cleaning,5
cloth,5
clothing,5
coaster,5
cotton,5
cranial nerve,5
crunchy,5
deep ear attention,5
doll,5
drawing you,5
ear attention,5
explain,5
fake nails,5
flame,5
fma,5
friends,5
gameplay,5
games,5
girls,5
glove,5
gone wrong,5
gym,5
heal,5
health,5
hero,5
holidays,5
hxh,5
impression,5
instagram,5
jessie,5
jojos,5
layer,5
levi,5
lights,5
livestream,5
lo fi,5
loud lacquer,5
love,5
map,5
mcr,5
mechanic,5
meme,5
meowth,5
merch,5
missy,5
moisturizer,5
mouth,5
mukbang,5
my chemical romance,5
nostalgic,5
on you,5
opening,5
organizing,5
original character,5
outfit,5
pc,5
perfume,5
personality test,5
pikachu,5
pillow,5
plane,5
puzzle,5
raven,5
real person,5
rubbing,5
santa,5
sassy,5
science,5
screen,5
session,5
shoe,5
shoes,5
show,5
sizzle,5
skincare,5
smell,5
songs,5
soothing,5
southern,5
stethoscope,5
sticky,5
subscribers,5
switches,5
teen titans,5
the last airbender,5
toy,5
trivia,5
two,5
woodwick,5
word,5
work,5
zelda,5
2021,4
3d,4
90s,4
acting,4
aid,4
air,4
animals,4
answer,4
apartment,4
apocalypse,4
arm,4
artists,4
asmr girls,4
assistant,4
beads,4
beatles,4
bee movie,4
best,4
blizzard,4
block,4
blonde,4
blooper,4
blue hair,4
blush,4
bottles,4
bread,4
bts,4
button,4
cap,4
card,4
care,4
castlevania,4
ceramic,4
channel,4
checkout,4
choose,4
chopping,4
clay,4
clipboard,4
collaberation,4
comments,4
common room,4
consultation,4
container,4
counting,4
crayola,4
crush,4
cutting board,4
dating,4
deku,4
dermatologist,4
dessert,4
disney,4
does,4
doing,4
double,4
dr,4
editing,4
espanol,4
everything is wrong,4
examination,4
experience,4
eye doctor,4
fabfitfun,4
face paint,4
family,4
faq,4
favorites,4
firebender,4
first class,4
fix,4
flight,4
fluttering,4
for stress,4
french,4
frivolous fox,4
glow,4
got,4
goth,4
gripping,4
halo,4
hamilton,4
healing you,4
horoscope,4
immersion,4
in your ears,4
jjba,4
job,4
jojo,4
joke,4
kitchen,4
knife,4
language,4
librarian,4
lids,4
lord of the rings,4
magazine,4
make,4
mario,4
measuring tape,4
medieval,4
men,4
model,4
movement,4
mystery,4
names,4
nickelodeon,4
notebook,4
numbers,4
one,4
one hour,4
outdoors,4
pamper,4
patron,4
pens,4
photo,4
pictures,4
play,4
pluck,4
pomodoro,4
pressure,4
princess,4
pro,4
q&a,4
qna,4
questionnaire,4
rainbow,4
react,4
reacting,4
reads,4
real,4
realistic,4
removal,4
restaurant,4
reverb,4
robe,4
rocket,4
routine,4
sale,4
sauce,4
scalp,4
scarf,4
scary cousin,4
scentbird,4
script,4
secret,4
service,4
sfx,4
shakespeare,4
shave,4
shift,4
shingeki no kyojin,4
shoop,4
silicone,4
simple,4
snk,4
softspoken,4
song,4
sorting hat,4
soundscape,4
specific,4
split screen,4
spraying,4
starfire,4
steven universe,4
stormy,4
student,4
stuffed animals,4
swiss shepherd,4
the,4
therapist,4
this or that,4
three,4
time,4
tingly,4
tiny,4
to sleep,4
todoroki,4
trace,4
trainer,4
try on,4
trying,4
tutor,4
tv,4
ultra rare,4
uniwigs,4
unprofessional,4
vegetarian,4
vintage,4
vocab,4
walkthrough,4
watch,4
wigs,4
wings,4
winter,4
wrong props,4
xbox,4
100,3
200,3
2017,3
36,3
aang,3
achilles,3
adjust,3
adventure,3
alchemist,3
all might,3
all up in your ears,3
allform,3
america,3
android,3
animal,3
animation,3
announcement,3
anxieties,3
appointment,3
ask,3
astrology,3
astronaut,3
atlas,3
away,3
baldurs gate,3
bart,3
bath,3
beastars,3
beep,3
best friend,3
birthday,3
black,3
blocks,3
bobs burgers,3
boot,3
bowser,3
boy,3
boyfriend,3
brain,3
brain and behavior research foundation,3
breakfast,3
breaking bad,3
breeze,3
britain,3
bubbles,3
buddy,3
buzz,3
cabin,3
cake,3
california,3
car,3
carols,3
cashier,3
celebration,3
channels,3
chaotic,3
charity,3
chatting,3
checkin,3
cheese,3
cherry,3
chicago,3
choose your own,3
chrollo,3
classroom,3
cleanser,3
clicky,3
close up whispering,3
club,3
coat,3
con,3
content,3
cookies,3
cotton balls,3
covers,3
cupid,3
cupping,3
cups,3
curly,3
cute,3
daenerys,3
december,3
decision,3
decision making,3
dermalogica,3
dice,3
dinner,3
displate,3
dji,3
doing your makeup,3
dry,3
dva,3
dye,3
earrings,3
egg,3
elf ears,3
elves,3
equipment,3
eraser,3
etsy,3
eyeliner,3
fact,3
fall asleep,3
fast and aggressive,3
fastest asmr,3
female,3
fidget,3
fingertip,3
firefly,3
first aid,3
flight attendant,3
flip,3
for,3
friendly,3
frivvi,3
fruit,3
full metal alchemist,3
germany,3
get ready,3
get ready with me,3
getting you ready,3
giant,3
gibi cosplay,3
gibi x loud,3
glitter,3
grocery store,3
group,3
guessing,3
hand sounds,3
hange,3
hardcover,3
hat,3
head,3
healthy,3
hearing,3
heavy,3
her,3
hermione,3
hike,3
horror,3
how to make,3
ice,3
inaudible,3
ink,3
inkbox,3
interactive,3
international,3
journal,3
jumbo,3
keys,3
kidnapping,3
kids,3
kylie cosmetics,3
la,3
la la land,3
lego,3
lid sounds,3
life,3
lifx,3
linda,3
list,3
logitech,3
lok,3
mail,3
makeup brush,3
male,3
math,3
may,3
mechanical keyboard,3
melissa and doug,3
mens,3
mic touching,3
middle school,3
money,3
motivation,3
mr beast,3
mustache,3
my,3
nail,3
nature,3
nerve,3
nord,3
nose,3
not,3
not serious,3
odd,3
oddly satisfying,3
old,3
online,3
organic,3
osea,3
ouran high school host club,3
overexplaining,3
paramedic,3
part,3
part 2,3
pediatrician,3
pencils,3
person,3
piercing,3
pillows,3
plan,3
police,3
pour,3
pouring,3
practice,3
prep,3
productivity,3
prop,3
propless,3
purse,3
q and a,3
quirk,3
record,3
repeat,3
repetitive,3
repitition,3
request,3
reviewing,3
reward,3
robin,3
rodes,3
romance,3
rubber,3
say,3
scented,3
scissor,3
scream,3
secret santa,3
self care,3
sennheiser,3
serenity,3
shake,3
shaving,3
ship,3
shopper,3
short,3
sign,3
sign up,3
signs,3
sims,3
sketchbook,3
sketching,3
slime alchemist,3
smr,3
snack,3
soap,3
sort,3
spaghetti,3
special effect,3
spray bottle,3
squishy,3
star,3
star wars,3
stick,3
stop reading my tags,3
study with me,3
stylist,3
sugar,3
summer,3
superhero,3
swatching,3
sweatshirt,3
tablet,3
tailor,3
taking care of you,3
tattoos,3
team,3
teeth,3
therapy,3
tiktok,3
tip,3
titans,3
tool,3
trip,3
unedited,3
update,3
vegetables,3
version,3
vibe,3
vision,3
vo,3
vocabulary,3
waiter,3
waitress,3
wand,3
wash,3
what is asmr,3
Whisper,3
white,3
white hair,3
wind,3
wine,3
wing,3
witch,3
worst reviewed,3
wrap,3
xmas,3
youtuber,3
zuko,3
1 second,2
1970s,2
1990,2
1990s,2
5 hours,2
5 pound,2
500k,2
5lb,2
70s,2
about me,2
adidas,2
adjusting,2
affirm,2
airplane,2
airport,2
alice in wonderland,2
alien,2
allergy,2
alphabetical,2
amazon,2
analysis,2
and,2
and relaxing,2
anesthesiologist,2
angelica,2
animated,2
anniversary,2
answering,2
answers,2
apothecary,2
apps,2
april,2
april fools,2
aries,2
arwen,2
asami,2
Asmr,2
asmr darling,2
asmr for sleep,2
asmr girl,2
asmrtists,2
attendant,2
audio,2
audiobook,2
audiobooks,2
aunt,2
auntie,2
australia,2
australian,2
azio,2
azula,2
babbel,2
baby,2
back to school,2
backdrop,2
backstreet,2
bags,2
baldurs gate 3,2
bandaid,2
bank,2
bar,2
barber,2
barcelona,2
bass,2
bassy,2
bathroom,2
battle,2
beans,2
beast boy,2
beef,2
beer,2
bender,2
bending,2
berger blanc suisse,2
berlin,2
bic,2
bilingual,2
billie eilish,2
bin,2
blob,2
blood,2
blood pressure,2
blowing,2
bluetooth,2
boat,2
body,2
boss,2
braces,2
braids,2
break,2
breathing,2
bro,2
brown,2
build,2
building,2
bunny,2
burger,2
business class,2
c414,2
call,2
camp,2
can,2
canvas,2
captain,2
caring,2
castle,2
cell phone,2
charmander,2
chart,2
check,2
check in,2
check out,2
chef,2
chihuahua,2
choice,2
cinematic,2
city,2
closet,2
closing,2
cne,2
coca cola,2
coins,2
colour,2
comic,2
comment,2
community,2
comparison,2
concentration,2
confessions,2
contest,2
corn brush,2
corsair,2
costumes,2
counseling,2
coupon,2
cousin,2
covering,2
craft,2
cranial,2
creation,2
creative calm,2
cringe,2
crinkling,2
cronch,2
crown,2
crystals,2
curse,2
cyborg,2
d&d,2
date,2
dbz,2
debbie,2
deep ear,2
designer,2
desk,2
deutch,2
doctors,2
dollar store,2
donate,2
dorm,2
dragon,2
dress,2
drinking,2
dry erase,2
drying,2
duet,2
dunkin,2
dunkin donuts,2
duolingo,2
ear binaural,2
ear canal,2
ear massage,2
ear to@ear,2
earmuff,2
earth,2
eartoear,2
echoed,2
edelweiss,2
editor,2
edits,2
edward scissorhands,2
eggs,2
elementary,2
elgato,2
eliza,2
engaged,2
ent,2
environment,2
erase,2
exercise,2
experiments,2
explained,2
explaining,2
extremely,2
eye color,2
eyeshadow,2
fab,2
face mapping,2
face touch,2
facebook,2
facetime,2
fake,2
fall,2
fangs,2
feat,2
feather,2
featuring,2
feeling,2
fi,2
filming,2
finger fluttering,2
finger pad,2
fingertips,2
firebending,2
first person,2
fishbowl,2
fit,2
flames,2
fleeb florb,2
floam,2
floss,2
fluff,2
flutter,2
focus,2
folding,2
follow me,2
follow my instructions,2
for relaxing,2
For sleep,2
for you,2
fortune,2
foundation,2
four,2
fox,2
frank iero,2
fspii,2
full,2
full metal,2
full time,2
fundraiser,2
fur,2
game store,2
gamer,2
gaming store,2
garnet,2
gatorade,2
gear,2
gently,2
gerard way,2
gibi x loud lacquer,2
gibiasmr,2
gift,2
ginger,2
giorno,2
gon,2
gossip,2
greek,2
green,2
groceries,2
gryffindor,2
guided,2
gum,2
hacks,2
haikyu,2
half a million,2
hallelujah,2
happy,2
hard cover,2
hardcover book,2
harp,2
he,2
headphone,2
hear,2
heart,2
hellofresh,2
hershey,2
hersheys,2
highpass,2
hiking,2
him,2
hisoka,2
hollywood,2
holo,2
hoodie,2
host,2
how to do asmr,2
howl,2
hp,2
hundred,2
hypland,2
hypnosis,2
iliad,2
improv,2
infected,2
ingrid michaelson,2
insomnia,2
instructions,2
interesting,2
interrogation,2
intro,2
invisible,2
invisible triggers,2
iphone 8,2
jacket,2
january,2
jelly,2
jord,2
kacchan,2
katsucon,2
katsuki,2
kawaii,2
key,2
kidnap,2
killua,2
kira,2
kitten,2
kittens,2
kurapika,2
lacefront,2
languages,2
laugh,2
lav,2
lavender,2
led,2
Legend of Korra,2
lens,2
letter,2
lick,2
life is strange,2
link,2
lip gloss,2
longform,2
look,2
loop,2
lore,2
luck,2
lullabies,2
lunch,2
making,2
malfunction,2
man,2
mana,2
mario kart,2
marking,2
marno,2
married,2
marvel,2
marzipan,2
masquerade,2
matches,2
matty tingles,2
me,2
meal,2
mean,2
meditate,2
memes,2
merry,2
mesmerizing,2
meta,2
meyers briggs,2
mic test,2
microblading,2
mics,2
mikasa,2
mikey way,2
milk,2
million,2
mindfulness,2
mini,2
minis,2
mirror,2
mist,2
mistake,2
mistakes,2
mix,2
mixtiles,2
mochi,2
mom,2
monochrome,2
monotone,2
montage,2
morning,2
motivational,2
moulin rouge,2
mountain,2
move,2
multiple,2
muscle,2
mx,2
narration,2
necklace,2
neko,2
nerdy,2
nerves,2
neurologist,2
new year,2
nick,2
nicktoon,2
nighttime,2
note,2
offcell,2
ohshc,2
oil,2
old school,2
ollyball,2
onion,2
oops,2
or sleep,2
orbital,2
ouran,2
outtakes,2
over,2
ow,2
pad,2
page turning,2
paraffin wax,2
part 3,2
part 5,2
partner,2
pasta,2
patagonia,2
peach,2
peanut butter,2
percylove,2
perfect,2
personal trainer,2
personalized,2
pet,2
phone voice,2
photographer,2
photography,2
phrases,2
picture,2
pirate,2
planner,2
planning,2
play button,2
poems,2
poetry,2
pointer,2
pointing,2
poke,2
polish,2
pop,2
popular,2
portrait,2
positive affirmations,2
potions,2
pounds,2
powers,2
pressing,2
printer,2
prints,2
productive,2
professor,2
prom,2
ps4,2
queen,2
quest,2
quill,2
quotes,2
rachel,2
rare,2
rating,2
raycon,2
redbubble,2
relationship,2
Relaxing,2
remote,2
removing,2
rescue,2
resolution,2
river,2
rocket power,2
roll for asmr,2
roller,2
rose,2
rpg,2
rub,2
runescape,2
sauna,2
saying your name,2
scan,2
scanner,2
scene,2
scent,2
scents,2
schedule,2
scripted,2
scroll,2
sculptor,2
seaweed,2
secrets,2
security,2
sephora,2
sequins,2
set,2
setup,2
shanny,2
shapes,2
she,2
sheets,2
shel,2
shh,2
shoutout,2
shuffle,2
sight,2
signed,2
silent,2
simlish,2
simple contacts,2
sims 4,2
simulator,2
singing you to sleep,2
sip,2
sipping,2
sisters,2
sleep clinic,2
sleepover,2
sleeve,2
slight sounds,2
slimealchemist,2
small,2
sneaker,2
snow,2
soft singing,2
song of achilles,2
sonnet 29,2
sorted,2
Spa,2
spain,2
spell,2
spells,2
spill,2
spongebob,2
sponsored saturday,2
spooky,2
spoons,2
squares,2
squirtle,2
stand,2
stardew valley,2
steam,2
stethescope,2
sticker,2
stones,2
straightener,2
straightening,2
strap,2
streamer,2
Stress relief,2
stretch,2
stroking,2
studded,2
study buddy,2
styling,2
suede,2
suit fitting,2
sunglasses,2
supergiant,2
swab,2
swatch,2
sweater,2
syrup,2
tactile,2
task,2
tattoo tour,2
taxes,2
teen,2
tests,2
textbook,2
texting,2
thanksgiving,2
the beatles,2
the grand budapest hotel,2
the office,2
them,2
theme,2
therapeutic,2
therapy shoppe,2
they,2
thick,2
thornberry,2
thoughts,2
thousand,2
thrones,2
tickle,2
tickles,2
tik tok,2
timer,2
timestamp,2
timestamps,2
tingle immunity,2
titan,2
to you,2
toaster coater,2
toner,2
tower,2
traffic,2
transformation,2
tray,2
treasure,2
tricks,2
trim,2
ttrpg,2
tweeze,2
tweezer,2
two hours,2
ugly dolls,2
ultra,2
unbox,2
universe,2
university,2
uplifting,2
usa,2
valentine,2
valentines day,2
variety,2
vase,2
vegetable,2
versus,2
very important,2
vibes,2
vinyl,2
virtual,2
visualization,2
vocal fry,2
voice over,2
vs,2
walk in,2
warm,2
watching,2
waves,2
websters,2
wedding,2
welcome,2
whipsering,2
Whispering,2
white board,2
wholesome,2
wicker,2
witchcraft,2
with,2
with music,2
wooden blocks,2
worbla,2
workout,2
worksheets,2
worry,2
wrapping,2
wrong,2
wyrmwood,2
yearly,2
yoga,2
yoshi,2
you to sleep,2
yuri on ice,2
zagreus,2
ziggy pasta,2
zipper,2
zodiac,2
zombie,2
zoom,2
#teamseas,1
$100 ,1
5/1/24 0:00,1
10,1
100% pure,1
1000,1
1000 videos,1
100k,1
120,1
130,1
150,1
16,1
1980s,1
1999,1
2 hours,1
2 million,1
2000,1
2000s,1
2008,1
2009,1
200k,1
2010,1
2018,1
2019,1
2020,1
2022,1
2024,1
26,1
2am friend,1
2ds,1
3 hours,1
30 second,1
300,1
314,1
36 questions that lead to love,1
3ds,1
4 hours,1
400,1
401,1
414,1
414s,1
4th of july,1
500,1
500th,1
6 hours,1
64,1
7 hours,1
7 years,1
711,1
8 hours,1
800,1
80s,1
9 hours,1
0.99,1
a capella,1
a friend,1
a names,1
a tattoo,1
a through j,1
a to j,1
a to z,1
abbachio,1
aboard,1
about my channel,1
about you,1
absurd,1
academia,1
accents,1
accessories,1
ackermann,1
acne,1
across the universe,1
acrylic,1
act,1
actor,1
actors,1
adjustments,1
adobe,1
adult swaddle,1
adventurer,1
after effects,1
after the attack,1
after the battle,1
afterlight,1
agent,1
ahh,1
ai,1
airbender,1
airheads,1
airline,1
airlines,1
akinator,1
alb,1
albany,1
albinwhisperland,1
alcohol,1
aldo,1
ale,1
alexander,1
algebra,1
aliaz,1
aliens,1
all the good girls go to hell,1
allbirds,1
allergic,1
alley,1
alpaca,1
alt,1
alucard,1
alyssa,1
amagi,1
amateur,1
ambient,1
america memorial library,1
american crew,1
among us,1
among us asmr,1
amsr,1
ancient,1
and a lot of other references but im too lazy to tag,1
and me,1
angel,1
angus thongs and full frontal snogging,1
angus thongs and perfect snogging,1
animal kingdom,1
animal kingdom lodge,1
anime boston,1
annual,1
answered,1
anthony padilla,1
anti,1
anti asmr,1
anticipatory,1
anticurse,1
anxiety relief,1
anxious,1
aoft speaking,1
ap,1
app,1
appa,1
appendix,1
apping,1
apple headphones,1
apple store,1
applications,1
apron,1
apt,1
aquarius,1
ara,1
archive,1
arda wigs,1
area 51,1
ariel,1
armin,1
arms,1
army,1
aroma,1
around the head,1
around your head,1
artbynips,1
article,1
articles,1
articulate design,1
artificial,1
arts and crafts,1
Asami,1
ash,1
asking,1
asking you,1
asking you personal questions,1
asking you questions,1
asleep,1
asmattr,1
asmr bloopers,1
asmr chess,1
asmr cooking,1
asmr creator,1
asmr doctor,1
asmr explained,1
asmr first aid,1
asmr food,1
asmr friend,1
asmr friend taking care of you,1
asmr funny,1
asmr girl roleplay,1
asmr glow,1
asmr gone wrong,1
asmr in public,1
asmr nurse,1
asmr personal,1
asmr roleplay,1
asmr sounds,1
asmr stress relief,1
asmr video,1
asmr with,1
asmr with friends,1
asmrtok,1
assorted,1
assumption,1
astarion,1
astrological,1
astronauts,1
at night,1
Atla,1
attack,1
attempt,1
attempting,1
attitude,1
au,1
auction,1
audience,1
audiomachine,1
auntie rainbow,1
autumn,1
Avatar,1
Avatar the Last airbender,1
avon,1
award,1
awful,1
azeroth metrion zinthos,1
babel,1
baby doll,1
baby names,1
baby shoes,1
babysitter,1
bach,1
back,1
backpack,1
bacon,1
bad cop,1
bad guy,1
badge,1
bag . sleep,1
baggins,1
baking,1
bakugo,1
ball,1
balloons,1
bamboo,1
ban,1
banana,1
bandage,1
bands,1
bangs,1
barathir,1
barbie,1
barista,1
barnes n noble,1
baseball,1
basket,1
basketball,1
bassoon king,1
bat,1
batala,1
bath and body works,1
bathtub,1
bb,1
be ok,1
be okay,1
be wherever you are,1
bead,1
beam,1
beanie,1
beanie babies,1
bear,1
beard,1
beast,1
beauty and the beast,1
beauty routine,1
Bed,1
bed bath and beyond,1
bedrooms,1
bedtime story,1
bee,1
bee keeper,1
beer stein,1
beesly,1
before the storm,1
beginner asmr,1
beginning,1
behind head,1
behind mic,1
behind the microphone sounds,1
being a full time youtuber,1
being an asmr,1
being an asmrtist,1
belcher,1
belgium,1
belle,1
ben e king,1
benefit,1
berries,1
berserk,1
bespoke post,1
betsey,1
betsy,1
betterhelp,1
beush,1
beushing,1
bg3,1
bianca franke,1
bid,1
bidding,1
billie,1
billionare,1
Binaural,1
binaurals,1
binder,1
bingo,1
bingsu,1
birdie,1
biscuits,1
bisou,1
bisoulovely,1
bits,1
black butler,1
black friday,1
black hair,1
black parade,1
black widow,1
blackberry,1
blackbird,1
blackmilk,1
bleach,1
blender,1
blind,1
blindess,1
blindfold,1
blindfolded,1
blobs,1
bloop,1
BLOOPERS,1
blow,1
blowdryer,1
blue nails,1
blue october,1
Blue Yeti,1
blue yeti x,1
blueberries,1
blueyeti,1
board,1
board game,1
bob,1
bob ross,1
bobblehead,1
bobby pins,1
bohemian,1
boiling,1
bon iver,1
bonfire,1
bonsai,1
book club,1
book reading,1
book spine tapping,1
boom,1
boop,1
boost,1
bootie,1
booties,1
borax,1
boruto,1
bose,1
boston,1
bottle cap,1
bouncer,1
brady bunch,1
braid,1
brain game,1
brain massage,1
brain orgasm,1
brain teasers,1
brand,1
brand new triggers,1
brave,1
breastplate,1
breath,1
breathe,1
brewing,1
bright,1
bright cellars,1
bristle,1
bristles,1
british accent,1
brooklyn,1
brotherhood,1
brothers,1
brownies,1
brows,1
bruno,1
bruno bucciarati,1
brush sounds,1
brutal,1
bubble,1
bubble gum,1
bubble wrap,1
bubbling,1
bubz,1
bubzbeauty,1
buccialati,1
budakai,1
build up,1
bulbasaur,1
bulls,1
bun,1
bunch,1
bunker,1
burn,1
burning,1
burrito,1
bury a friend,1
business,1
busted,1
busy b,1
butchering,1
buttery,1
buy,1
buying,1
buzz + bloom,1
buzzfeed,1
bw,1
by asmr,1
c314,1
cafe,1
cakes,1
calcifer,1
cali,1
call of duty,1
camera roll,1
campaign,1
camping,1
can you solve me,1
canada,1
cancer,1
candle holder,1
candy cane,1
candy grams,1
cannon,1
cannons,1
cans,1
cant feel asmr,1
canyousolveme,1
capping,1
capricorn,1
caps,1
capsule,1
capture,1
cardi b,1
caricature,1
caring for you,1
carmilla,1
caroles,1
caroling,1
carpet,1
carrot,1
carry that weight,1
cars,1
cart,1
cartomancy,1
carve,1
carving,1
cascade,1
cash register,1
cassette,1
cat ears,1
cat eye,1
cat water fountain,1
catalan,1
catbug,1
catering,1
cats,1
caught,1
cd,1
celebrate,1
celebs,1
cell,1
center,1
ceramics,1
cerave,1
cereal,1
cgarlic,1
chakra,1
challenges,1
chandler,1
change,1
changing,1
chanting,1
chapter,1
chapters,1
character creation,1
charades,1
chardonnay,1
charlie,1
charlie winston,1
charm,1
cheap,1
cheeks,1
cheer up asmr,1
cheers,1
cherry mx,1
cherry pie,1
chewed up,1
chewedup,1
chewy,1
chili,1
chime,1
chimes,1
chips,1
chloe,1
choker,1
chool,1
chopstick,1
chopsticks,1
christa,1
christmas party,1
christmas tree,1
chrollo lucilfer,1
chromeo,1
chu,1
chuchu,1
chunin,1
cinematography,1
city of stars,1
clack,1
clacky,1
claires,1
clap,1
clapper,1
class 1a,1
classic,1
classmate,1
claus,1
claw,1
claws,1
cleanse,1
cleansing,1
clerk,1
clickers,1
client,1
clinking,1
clip,1
clone,1
clone wars,1
Close up,1
close your eyes,1
closer,1
closet tour,1
cloud,1
coasters,1
coconut,1
coconut oil,1
code,1
cold,1
coldplay,1
collectible,1
cologne,1
colonial,1
color analysis,1
color theory,1
colored pencils,1
comb,1
combing,1
combining every tea,1
combo,1
come out and play,1
comforting,1
comfy,1
comic con,1
comiccon,1
comics,1
commentary,1
comp,1
company,1
concoction,1
conecart,1
confidence,1
conquest,1
construction,1
contact,1
containers,1
context,1
controller,1
convenience,1
conversation,1
conversational,1
convo,1
cookie,1
cool,1
cooling,1
cop,1
copic,1
cord,1
corny,1
correspondence,1
cosmetics,1
cosmo,1
cosmopolitan,1
cosplaying,1
cosplays,1
costest,1
cottagecore,1
cotton ball,1
cotton headed ninny muggins,1
counselor,1
count,1
countdown,1
couple,1
cover eye,1
cows,1
coziness,1
crack,1
cracking,1
cracking clay,1
crackle,1
craft foam,1
crafts,1
crank gameplays,1
crayon,1
crazy,1
creaking,1
create a sim,1
createasim,1
creati,1
creating,1
creative,1
creativecalm,1
creator,1
creator award,1
creators,1
credit,1
credits,1
creep,1
crew neck,1
cristine,1
critic,1
crossplay,1
crossword,1
crowd,1
crumpet,1
crunching,1
crunchyrolll,1
crushes,1
crushing,1
crust,1
crypt,1
crypttv,1
cuberdon,1
cubs,1
cursing,1
customer,1
cuts,1
dainty,1
Daisy,1
daisys,1
dance,1
dani,1
dany,1
daphne,1
dark and relaxing,1
dark lighting,1
dark lipstick,1
darkened,1
darker,1
darkness,1
darwin,1
dates,1
dating advice,1
daughter of the sea,1
dave,1
dave 1,1
davinci,1
dawn murray mcleod,1
day,1
ddlc,1
dead,1
deadheads,1
deal,1
death,1
deck,1
deco,1
decor,1
decorating,1
delicate,1
delicious,1
delivery,1
demon slayer,1
demonia,1
denim,1
dental,1
destiny,1
destress,1
destressing you,1
detail,1
detective,1
deutsch,1
deutsche,1
devil,1
devilish,1
diagon alley,1
dial,1
dials,1
diary,1
dictionary,1
did you know,1
dig,1
digital,1
diglett,1
dionysus,1
discipline,1
dish,1
disposable,1
distraction,1
diy,1
dm,1
dmv,1
dna,1
do you remember,1
doc martens,1
doc martins,1
doctors office,1
document,1
dodow,1
does your makeup,1
dog food,1
dog trainer,1
doing makeup,1
doing my makeup,1
doing your eyebrows,1
doki doki literature club,1
dollar mic,1
dollar shave club,1
dollskill,1
donation,1
donkey,1
donnie,1
dont,1
dont sleep,1
double star,1
doubts,1
download,1
dr 05,1
dr gibi,1
dr ian dunbar,1
dr phil,1
dr who,1
dr05,1
dracula,1
dragon ball z,1
dragon maid,1
dragonball,1
dragons,1
drama,1
drank,1
draught of peace,1
drawers,1
drawing features on your face,1
drawing on you,1
drawing on your face,1
dream powder,1
dresser,1
drink water,1
drinks,1
drip,1
dripping,1
drop.com,1
droplet,1
dropper,1
drown,1
drowning,1
drum,1
drumming,1
drunk,1
dryer,1
ds,1
dub,1
duct tape,1
dumb,1
dumbledore,1
dunder mifflin,1
dungeon master,1
duo,1
duos,1
during,1
during a thunderstorm,1
dust,1
dusting,1
dutch,1
dvds,1
dwight,1
dynamic mic,1
e.t,1
ea games,1
each video,1
ealthy,1
ear brushing,1
ear claening,1
ear exam,1
ear measuring,1
ear phones,1
ear tickles,1
ear to eAr,1
Ear to ear,1
ear touch,1
earbuds,1
earring,1
easy,1
eat attention,1
eat with me,1
eating asmr,1
eating show,1
echoy,1
edge,1
edited,1
editors,1
eevee,1
eeveelutions,1
egirl,1
eilish,1
elaxing,1
electronics,1
elements,1
elle,1
ellie,1
elven,1
elvis,1
elvish,1
embarrassing,1
emergency,1
emma,1
emma watson,1
emoji,1
emotional type,1
empath,1
employee,1
emt,1
enchiladas,1
enfp,1
england,1
engrave,1
engraved,1
enjoy,1
enneagram,1
enneagram and coffee,1
entertaining,1
envelopes,1
envy,1
envy 2,1
envy2,1
eren,1
erwin,1
español,1
ethan,1
ethnicity,1
european,1
even you,1
event,1
everything is right,1
everything works out in the end,1
excavate,1
excavation,1
excited,1
exfoliate,1
experimenting,1
experimenting on you,1
extended,1
external,1
extra,1
extraterrestrial,1
eye shadow,1
eyelashes,1
faarquad,1
fab fit fun,1
fabrics,1
fabulous,1
face adjustments,1
face boop,1
face cleaning,1
face is plastic,1
face mask,1
face paced,1
facial hair,1
fails,1
failure,1
fairy,1
fake food,1
fake tattoo,1
fall asleep to,1
fallout 4,1
fan art,1
fan mail,1
fanart,1
fancy,1
fang,1
fans,1
faqs,1
far away,1
farm,1
farming simulator,1
farquaad,1
farquad,1
fast asmr,1
fast forward,1
fast tapping,1
fastasmr,1
fate,1
favorite,1
favorite triggers,1
fd,1
fears,1
features,1
feel good,1
feels,1
fern,1
festival,1
ffective,1
fiction,1
fidget cube,1
fidget toys,1
figure,1
fila,1
filas,1
fill out,1
filling,1
filling in,1
film,1
film set,1
films,1
final.fantasy,1
finale,1
finance,1
fine tip market,1
fingerpad,1
fiona,1
fire emblem,1
fire lord,1
fireball,1
fireflies,1
firelord,1
fireplace,1
first day,1
first time,1
first video,1
first year,1
fish bowl,1
fitbit,1
fitness,1
fitting,1
five,1
five years,1
fix you,1
fizz,1
flashcards,1
fleece,1
flip flops,1
flipping,1
floor,1
floral,1
florist,1
flower,1
flu,1
fluentu,1
fluffy ears,1
fly,1
fly me to the moon,1
fly swatter,1
flying,1
fmab,1
foam roller,1
foley,1
follow finger,1
follow light,1
follow my finger,1
follow my twitter stop reading the tags,1
following,1
following the light,1
food asmr,1
for anxiety,1
for depression,1
for easy sleep,1
for fun,1
for groups,1
for me,1
for relax,1
for studying,1
for tingles,1
for@sleep,1
foreign,1
forest,1
forever 21,1
forgive,1
form,1
fortnite,1
foster,1
fragrances,1
france,1
frank sinatra,1
frankie,1
frat,1
freaks and geeks,1
free real estate,1
freedom,1
freespace,1
freespace pro,1
friday,1
friend asmr,1
friend helps you,1
friend taking care of you,1
fries,1
frivvi fox,1
frivvifox,1
frivvy,1
frodo,1
from,1
fsp,1
ft,1
fugo,1
full album,1
full body,1
full length,1
full metal alchemist brotherhood,1
full time youtuber,1
fullmetal,1
fulltime,1
fun facts,1
funimation,1
funky kong,1
fur sounds,1
furies,1
furry,1
future,1
future industries,1
futuristic,1
fuzzy,1
galadriel,1
galaxy,1
galloping,1
game cube,1
game pad,1
game stop,1
gateron,1
gauze,1
gb,1
gel,1
gem,1
gemini,1
gems,1
gender neutral,1
genderbend,1
genderbent,1
gene,1
Gentle,1
georgia nicolson,1
gerard,1
Germany,1
get out of bed,1
get ready for bed with me,1
get you ready,1
gets you ready,1
getting,1
getting you snacks,1
gh5,1
gh5s,1
ghibli,1
gibby,1
gibi ASMR,1
gibi daisy,1
gibi dog,1
gibi rest stop,1
gibi youtooz,1
gibiASMR,1
gibicosplay,1
gifts,1
ginger snaps,1
giovanni,1
girlfriend,1
girly,1
giving you,1
Glasses,1
glitch,1
gloss,1
glossy,1
glow up,1
glowstick,1
glue,1
glue stick,1
gm,1
go to sleep,1
goat's milk,1
goats,1
goblin,1
goblin slayer,1
goku,1
golden retriever,1
golden slumbers,1
good,1
good cop,1
good sleep,1
goodbye,1
goodnight,1
goodnight moon,1
googly eyes,1
gossiping,1
grade,1
grades,1
grammar,1
grand budapest hotel,1
grandmother dazzle,1
grass,1
grate,1
grateful dead,1
grating,1
gratitude,1
greek mythology,1
green contacts,1
green eyeshadow,1
grey,1
greyscale,1
griffindor,1
gringotts,1
groan tube,1
groom,1
grooming,1
grouping,1
grudge,1
grwm,1
guaranteed,1
guess the sound,1
guest,1
guild,1
guinness,1
guitar hero,1
gum chewing,1
gummy,1
guren no yumiya,1
gym bro,1
gymshark,1
habit,1
habits,1
hack,1
hahahah,1
haikyuu,1
hair cut,1
hair dye,1
hair dying,1
hairbrush,1
hairdryer,1
hairspray,1
Halloween,1
halo theme song,1
halo true,1
halpert,1
hamlet,1
han,1
hanamura,1
hand art babys,1
hand massage,1
hand movement,1
hand sanitizer,1
hange zoe,1
happiness,1
happy new year,1
hard,1
hard drive,1
haribo,1
harmony,1
harry,1
harry potter world,1
harvest moon,1
hate,1
haters,1
have yourself a merry little christmas,1
hawaiian,1
hd 6xx,1
head massage,1
head massager,1
head over heels,1
headdphones,1
headmaster,1
heals you,1
heat,1
hedwig,1
heels,1
Helix,1
helix mattress,1
hello,1
hello fresh,1
hellotalk,1
helping you,1
here comes a thought,1
here comes the sun,1
hero of time,1
hero school,1
heroes never die,1
hey arnold,1
hey jude,1
hi,1
high,1
high definition,1
high pass,1
highlighter,1
higround,1
hill,1
hinata,1
hip hop,1
historia,1
history,1
hit or miss,1
hobbit,1
hoist the colors,1
holder,1
holly,1
holo taco,1
holographic,1
holy panda,1
holy pandas,1
home,1
home chef,1
homemade,1
homeroom,1
homework,1
honeycolor,1
hopsmith,1
horizon zero dawn,1
horn,1
horns,1
horrible,1
horses,1
host club,1
hostage,1
hot,1
hot cheetos,1
hot chocolate,1
hot ones,1
hot towel,1
hot wheels,1
Hotel,1
hotel room,1
Hotel Room ASMR,1
hotel tour,1
hotline,1
house of hades,1
house tour,1
houses,1
housewife,1
how,1
how i make asmr,1
how many more synonyms,1
how to be,1
how to feel asmr,1
how to open a jar,1
howls moving castle,1
hp sauce,1
hudson,1
hufflepuff,1
huge,1
hunterxhunter,1
hydrate,1
hydration,1
hygenist,1
hyper realistic,1
hyperx,1
hypnos,1
hypnotic,1
i asked youtubers,1
i cant help falling in love,1
i cant stay,1
i dont love you,1
i lost my kitten,1
i lost two kittens,1
i love them with all my being,1
i love this show my god,1
i love you,1
i need healing,1
i see you,1
i totally burnt the walnuts,1
ian dunbar,1
icarly,1
icee,1
icy,1
id,1
illumi,1
ilomilo,1
im so sorry,1
im staying awake,1
im triggERRREEED,1
imac,1
immunity,1
impersonation,1
impressions,1
improvisation,1
in ear,1
in home,1
in real life,1
in school,1
inara,1
inclusion,1
indecisive,1
indeed,1
independence,1
independent,1
infinite art,1
infinite objects,1
ing,1
ingrid,1
initiation,1
innocent,1
innocentwhispers,1
inprint,1
inprnt,1
inspecting,1
insta,1
instrument,1
instruments,1
insult,1
insults,1
intelligence,1
interior,1
interior design,1
intern,1
internal,1
interrogate,1
interrogating,1
interstellar,1
intervew,1
interviewing,1
interviewing you,1
intp,1
intuition,1
inu baka,1
invincibility,1
INVISALIGN,1
iphone 14,1
iphone 6,1
iphone 6s,1
iphone 8+,1
iphone6,1
iphone6s,1
iq,1
irl,1
island,1
italian,1
italy,1
item,1
its ok,1
its okay,1
izo,1
j names,1
jack,1
jack johnson,1
jacksepticeye,1
jail,1
jaina,1
jamba juice,1
jars,1
jean,1
jeans,1
jeff buckley,1
jeffree star,1
jeffree star lipstick,1
jello,1
jelly cat,1
jellycat,1
jen,1
jenna fischer,1
jennie bird,1
jenny bird,1
jenny of oldstones,1
jerry seinfeld,1
jewerly,1
jigglypuff,1
jim,1
jingle jangle asmr,1
jk meowths not in this,1
jody duncan jesser,1
joel,1
joey,1
join,1
joint,1
joint compressions,1
jokes,1
jolly,1
jon snow,1
jonie,1
josuke,1
jotaro,1
journey,1
juice,1
july,1
june,1
juno,1
just,1
just chatting,1
just talking,1
k names,1
k through z,1
k to z,1
k70,1
kailh,1
kapoor,1
karuna,1
karuna satori,1
kase san,1
katara,1
katel,1
katsucon 2018,1
kaylee,1
keeps,1
kelly,1
keurig,1
keycaps,1
keychain,1
kh2,1
khaleesi,1
kickstarter,1
kid,1
killers,1
kimetsu no yaiba,1
kind,1
kind of lol,1
king bed,1
kingdom hearts,1
kingdom hearts 2,1
Kira,1
kit,1
kiziks,1
knight,1
knit,1
knob,1
knobs,1
kobiyashi's dragon maid,1
kocho,1
kodaline,1
koffing,1
Korra,1
korrasami,1
Korrasami,1
koybiashi's dragon maid,1
krabby patty,1
krista,1
kronk,1
krusty krab,1
kryolan,1
kylie jenner,1
la vie en rose,1
lab,1
label,1
lace front,1
lady,1
laffy taffy,1
laid back,1
lake,1
lalaland,1
lancome,1
language arts,1
language learning,1
lannister,1
lannisters,1
laptop,1
larian,1
larp,1
last christmas,1
last of us,1
late night,1
laughing,1
lawn mower,1
lawyer,1
layering,1
laying down,1
lead,1
learn spanish,1
learning,1
leaves,1
leaves from the vine,1
left,1
left to right,1
legend of zelda,1
leggings,1
lelolelo,1
lena headey,1
lenore,1
lenovo,1
leo,1
leonidas,1
les,1
lesson,1
let her go,1
let it be,1
lets watch,1
letters,1
lgbtq,1
libra,1
lice,1
licking,1
lie detector,1
life chat,1
life hack,1
life hacks,1
life update,1
light tracing,1
lighter,1
lightning,1
lily,1
lin manuel,1
lindsey weir,1
lindy tsang,1
lip,1
lip scrub,1
lipgloss,1
lips,1
liptsick,1
liquid noises,1
liquid sounds,1
liquids,1
liquor,1
lis,1
listen,1
listen before i go,1
little witch,1
live session,1
LIVESTREAM,1
livestreaming,1
living room,1
lo,1
Lo-fi,1
lobby,1
lock screen,1
locker,1
Lofi,1
Lok,1
lol,1
lola,1
lollipop,1
lolomggentlewhispering,1
long fingernails,1
long hair,1
long sleeve,1
longsleeve,1
look through,1
looped video,1
lord,1
los angeles,1
loseup,1
lotr,1
lots,1
loud noise,1
louis sachar,1
louise,1
louise rennison,1
love is a many trousered thing,1
love like you,1
love live,1
love potion,1
love questions,1
lovebook,1
low light,1
low pressure,1
lubriderm,1
lucky,1
lucy,1
lumbridge,1
lumby,1
lumineux,1
lumix,1
luna,1
lunch box,1
lush,1
luthieros,1
luxe,1
lydia,1
Lying to you,1
lyre,1
mac,1
macarons,1
macaroons,1
mad max,1
maeve,1
magazines,1
magic bullet,1
magic the gathering,1
magical,1
magnolia,1
maid,1
main character,1
make believe,1
make over,1
make this noise,1
make this sound,1
make up brush,1
makep,1
making a hand turkey,1
making you,1
making you breakfast,1
mal,1
malibu,1
manager,1
mannequin,1
mapping,1
marble,1
maria,1
marianne,1
market,1
marmite,1
martell,1
martells,1
masculine,1
mashup,1
massaging,1
massdrop,1
matchmaker,1
matchmaking,1
matt zoller seitz,1
matte,1
matty,1
matty music,1
max,1
max and moritz,1
maximum,1
mcr concert,1
meal ready to eat,1
mean girls,1
mech,1
mecha,1
media,1
medic,1
Medical,1
medical asmr,1
medical test,1
medicine,1
meditating,1
meditations,1
meereen,1
meg,1
mega,1
megaera,1
megara,1
mei,1
melgeek,1
member,1
membership,1
membrane,1
meme review,1
memory,1
men's,1
mental floss,1
mental health,1
mentos,1
menu,1
merchandise,1
merchant,1
meridith,1
message,1
messages,1
messing with your face,1
mexican,1
meyersbriggs,1
mia,1
mic cover,1
mic touch,1
michael,1
michaelson,1
microblade,1
middle,1
mikey,1
milestone,1
milk carton,1
milky,1
milo,1
mind,1
mindful,1
minds eye,1
mini brands,1
mini food,1
mini food brands,1
mini mic,1
mini shopping brands,1
miniatures,1
minimal speaking,1
mint,1
minute,1
minutes,1
miranda,1
mirror me,1
mirrored,1
mirrored touch,1
mis,1
miserables,1
miss kobiyashi's dragon maid,1
missandei,1
mista,1
misting,1
misty mountains,1
misty mountains cold,1
mixer,1
mixing,1
mob psycho 100,1
modern,1
modern life,1
modern warfare 2,1
mogami gold,1
moira,1
moist,1
moistcritikal,1
moisturize,1
mojo68,1
momo,1
monica,1
monika,1
monkey type,1
monster,1
monster hunter,1
monthly,1
monty python,1
monty python and the holy grail,1
mood,1
moon,1
moonlight,1
more,1
most requested,1
mother of dragons,1
motto,1
moulin rouige,1
mountains,1
mouse puppet,1
movie theater,1
moving,1
moving background,1
mr krabs,1
mr. clean,1
mre,1
mRio,1
mtg,1
mua,1
mud,1
mug,1
mugs,1
multilingual,1
multiples,1
musical,1
mustard,1
muted,1
mutiny,1
mw2,1
my cabbages,1
my chem,1
my life,1
my strange addiction,1
myers briggs,1
myfitnesspal,1
mysteries,1
mystery incorporated,1
mythology,1
n64,1
nail polish remover,1
name trigger,1
narancia,1
narnia,1
narrated,1
narrates,1
native,1
natural nails,1
nazi zombies,1
neil gowland,1
neon,1
neopets,1
nerd,1
nestle,1
net,1
netero,1
new apartment,1
new asmrtists,1
new face,1
new house,1
new kid,1
new merch,1
new triggers,1
new years eve,1
new york times,1
nice,1
nicksplat,1
nigel,1
nike,1
ninaz nails,1
ninja,1
nintendo 64,1
nips,1
nitrile,1
no,1
no 9,1
no cover,1
no editing,1
no makeup,1
no music,1
no spoilers,1
no way home,1
nobody,1
noise cancelling,1
noodles,1
nordvpn,1
north pole,1
noses,1
nostalgia,1
note taking,1
notes,1
novel,1
november,1
number,1
numbered,1
nurse joy,1
nutmeg,1
nutrition,1
nutritionist,1
nux,1
nux taku,1
nv,1
ny times,1
nyc,1
nye,1
nyt,1
nytimes,1
obx,1
OC,1
ocarina of time,1
oclock,1
octopus garden,1
octopuses garden,1
odd auntie,1
of you,1
offcells,1
officer,1
officer bart,1
official,1
official store,1
okay,1
olay,1
olivander,1
ollivander,1
ollivanders,1
ombre,1
on objects,1
one punch man,1
one second,1
one second a day,1
onenote,1
online privacy,1
only,1
open,1
optical illusion,1
optometrist,1
orana chroma,1
orange juice,1
orbeez,1
order,1
organize,1
organizer,1
orientation,1
origami,1
ork,1
ornaments,1
orthodontist,1
osrs,1
ostrich,1
osu,1
otakon,1
otaku,1
other channels,1
other world,1
others,1
otoscope,1
ouran academy,1
out loud,1
out of bed,1
out of context,1
out of your ears,1
out takes,1
outdoor,1
outer,1
outside,1
over the rainbow,1
overnight,1
owl,1
own,1
package,1
packaging,1
packet,1
pages turning,1
paint brush,1
paint gem,1
paint roller,1
paintbrush,1
paintgem,1
pair,1
pairing,1
palazzo manfredi,1
palette,1
palm of hand,1
palm reading,1
palmistry,1
pam,1
pampered,1
pan,1
panasonic,1
para dormir,1
paraffin,1
pardoy,1
parent trap,1
paris,1
parlor,1
part 1,1
part 4,1
part two,1
partnered,1
passenger,1
passport,1
password,1
pastel,1
patrick,1
patroclus,1
patronus,1
pattern,1
patterns,1
patting,1
paws,1
peace,1
peace and saraity,1
peel,1
peeling,1
peg boggs,1
peggy,1
pencil sounds,1
penguin shuffle,1
penguin sledding,1
penguinz0,1
people,1
pep talk,1
peppa pig,1
peppermint,1
peppy,1
peripheral,1
personal assistant,1
Personal Attention,1
personal record,1
personal shopper,1
personalities,1
pet store,1
petting,1
pewdiepie,1
phantom troupe,1
pharah,1
pharmacist,1
pharmacy,1
philadelphia,1
philip,1
phoebe,1
phone case,1
phone cases,1
phonecian sailor,1
phones,1
photograph,1
phrase,1
physical,1
piano,1
pick,1
pick a color,1
pickles,1
picks my asmr triggers,1
pie,1
pierces,1
pink city,1
pint glass,1
pisces,1
pixar,1
plain,1
planet,1
planets,1
plankton,1
plant,1
plants,1
plastic wrap,1
plate,1
plating,1
play station,1
play station 2,1
playlist,1
playstation,1
pleather,1
plum wine,1
plus,1
plus ultra,1
plus ultraaaaaaaaaa,1
plush,1
plushies,1
po,1
podcast,1
point,1
poison,1
pokecenter,1
pokedex,1
pokemon center,1
poker,1
poki,1
poking,1
poll,1
polski,1
polskie,1
polus,1
pom,1
pomodoro study,1
pompoms,1
poncho,1
pong,1
ponytail,1
pop rocks,1
popcorn,1
popmart,1
popping,1
popsicle sticks,1
poptart,1
popular slime,1
popularslime,1
porcelain,1
portable,1
portraits,1
pose,1
posh,1
poshmark,1
positive thinking,1
positivity,1
post apocalyptic,1
post office,1
postal,1
posters,1
pot,1
potg,1
potion seller,1
potter,1
POV,1
powder,1
power,1
precheck,1
preening,1
prefect,1
preferences,1
pregnant,1
premiere,1
prepare,1
press on,1
price,1
pricefield,1
prim,1
pringles,1
print,1
private,1
procreate,1
profile,1
projector,1
prompt,1
protectant,1
protein,1
protocol,1
ps2,1
ps5,1
psychic,1
psycho,1
pt,1
public,1
puff,1
pull and snip,1
pulling stuff,1
pulse,1
puma,1
pumpkin,1
puppet,1
puppy training,1
pure,1
pure silk,1
purell,1
purring,1
put on glasses,1
putting on makeup,1
putting you to sleep,1
putty,1
puzzles,1
Q&A,1
Q&a,1
qtips,1
quality,1
qubes,1
queen gorgo,1
quesadilla,1
quests,1
quip,1
quizzes,1
quote,1
radiohead,1
rag,1
raid,1
raid shadow legends,1
rain stick,1
rainn wilson,1
rains of castamere,1
raisins,1
rambles,1
ramen,1
ranking,1
rapidfire,1
raspberries,1
ration,1
rations,1
rattle,1
raven asmr,1
raven cosplay,1
ravenclaw,1
ray toro,1
razer,1
re:zero,1
reaction,1
reacts to,1
Read,1
Reading,1
reads you,1
ready,1
real monsters,1
real name,1
real voice,1
realxing,1
reaper,1
reaper challenge,1
reassurance,1
reassuring,1
rebecca sugar,1
reborn,1
recap,1
recipe,1
recreate,1
recreating,1
reddit,1
reduxx,1
reese,1
reeses,1
regimen,1
regiment,1
rehabilitation,1
rei,1
reigen,1
reigen arataka,1
reiki,1
reinhardt,1
relajante,1
relation,1
Relax,1
relaxin,1
relaxing items,1
relaxing tea,1
rem,1
remake,1
remember not to forget,1
remix,1
remy,1
repeated,1
requested,1
rescues,1
resort,1
response,1
rest stop,1
restaraunt,1
restauraunt,1
reveal,1
revie,1
reviewed,1
reviews,1
revolutionary,1
rewind,1
rf kuang,1
rgb,1
rhythm heaven,1
ribbed,1
rice,1
rick and morty,1
rick roll,1
rickroll,1
rickrolled,1
ridges,1
rigger,1
riggers,1
right,1
ring,1
rings,1
ripple,1
ritual,1
rivvsofficial,1
roadhouse,1
robes,1
robots,1
robyn,1
rock band,1
rocko,1
roll,1
roll call,1
roll for sandwich,1
romantic,1
rome,1
ron weasley,1
roomie,1
roommate,1
rooms,1
rose gold,1
ross,1
rough,1
royale,1
royalty,1
rs,1
ruby true,1
rude,1
rugrats,1
ruler,1
rummaging,1
russian,1
rustle,1
ryan,1
s2,1
safe for kids,1
safety,1
safiya,1
safiya nygaard,1
saga,1
sage,1
sagitarrius,1
sagittarius,1
salad,1
salt,1
san francisco,1
santa hat,1
sarah schauer,1
sass,1
sasuke,1
satomobile,1
satori,1
sav,1
sbi press,1
scale,1
scarborough fair,1
scarlett,1
scars,1
scary,1
scemo,1
schuyler,1
sci,1
scientist,1
scifi,1
scolding,1
scooby,1
scooby doo,1
scoop,1
scorpio,1
scott,1
scottish,1
scout,1
scrape,1
scratchy,1
screaming,1
screw,1
scrolling,1
scrub,1
scrubs,1
sculpt,1
sculpting,1
sculpture,1
sea glass,1
seafoam,1
seafoam kittens asmr,1
seafoamkitten,1
seas,1
season,1
season 2,1
sebastian,1
section,1
self help,1
selfcare,1
sell,1
seller,1
selling,1
semi,1
sennheiser MD445,1
sensation,1
sensations,1
sense 75,1
senses,1
sent,1
sequin,1
series,1
serious,1
server,1
settings,1
sh,1
shading,1
shaggy,1
shaker,1
shakespearean,1
shallot,1
shampoo,1
shape,1
share,1
share the load,1
sharing,1
sharm,1
shaving cream,1
she went quietly,1
sheet,1
shel silverstein,1
shell,1
shells,1
sherry,1
shield,1
shinigami,1
shinobu,1
shirts,1
shore,1
show tunes,1
shwoop,1
side to sife,1
sideburns,1
sideways stories from wayside school,1
signature,1
signups,1
silence,1
silent disco,1
silicone muscles,1
silk,1
silver play button,1
silverstein,1
sim,1
simon,1
simon and garfunkel,1
simply nailogical,1
simplynailogical,1
siren,1
sisster,1
six hours,1
size,1
sizzling,1
skateboard,1
skater,1
skating,1
sketchy,1
skill,1
skills,1
skin care,1
skin food,1
skin test,1
skinny love,1
skippy,1
skit,1
sksksk,1
slate,1
Sleep,1
sleep hotline,1
sleep mask,1
sleep pod,1
sleep police,1
sleep potion,1
sleep problems,1
sleep relief,1
sleep specialist,1
sleep tips,1
sleep trick,1
sleepless,1
sleepover party,1
sleepphones,1
sleepy time,1
sleeves,1
slide,1
slight sounds asmr,1
slime by sara,1
slime city,1
slime city bitch,1
slimecityb,1
slimes,1
slimey,1
slinky,1
sloshing,1
slow rising,1
slower,1
slowrising,1
slushie,1
slytherin,1
small business,1
smelling,1
smells,1
smile,1
smoke,1
smooth,1
snapchat,1
snape,1
sneakers,1
snore,1
snowman,1
so you can,1
so you want to be an asmrtist,1
social,1
social media,1
socks,1
Soft,1
soft asmr,1
soft cover,1
soft sounds,1
soft speak,1
Soft speaking,1
softcover book,1
softly singing,1
softlyspeaking,1
software,1
sokka,1
solid,1
someone,1
somewhere over the rainbow,1
song of the sea,1
sonic,1
sophie,1
sort spoken,1
sorting ceremony,1
sot,1
sound effect,1
sound of music,1
sound of silence,1
soundproof,1
sounds for sleep,1
soup,1
souvenirs,1
spaceship,1
spark,1
sparta,1
spartans,1
speak,1
special,1
special fx,1
spectre x360,1
spectrex360,1
speed talking,1
spf,1
sphere,1
spicy,1
spiderman,1
spin for perfect skin,1
spine,1
spirits,1
splinter removal,1
split hair,1
spoilers,1
Sponge,1
spongebob squarepants,1
sponosred,1
sponsoredsaturday,1
sponsorship,1
spoof,1
spoon,1
sports,1
spread,1
spreadable,1
spreadable honey,1
spreading,1
spruce,1
spy,1
square,1
squeeze,1
squeezing,1
squidward,1
squirrel,1
squishies,1
stack,1
stamp,1
stand by me,1
stapler,1
star girl,1
staring at you,1
stars,1
start here,1
starters,1
starting,1
stay at home mom,1
steakhouse,1
stein,1
stencil,1
steve madden,1
steven,1
stevonnie,1
stick on,1
sticky fingers,1
stir,1
stocking,1
stone,1
stoos,1
storage unit,1
storage wars,1
Story,1
storyboarding,1
storyline,1
storytelling,1
straighten,1
strange,1
straps,1
strawberry,1
stream room,1
stress ball,1
stress relif,1
stretchy,1
striking,1
strings,1
strixhaven,1
stroke,1
stud,1
studded belt,1
students,1
studio,1
studio tour,1
stuff,1
stuffed animal,1
stuffed animal roleplay,1
styles,1
su,1
sub to them please,1
subaru,1
subs,1
success,1
suds,1
sue me im a weeb,1
sugarplum,1
suit,1
sun,1
sunbasket,1
super,1
super powers,1
super smash,1
super smash bros,1
supercut,1
supermarket,1
superpower,1
supplies,1
support,1
surf,1
surfer,1
surfing,1
surgeon,1
surgery,1
surprise,1
survival,1
swalloing,1
swamp,1
sweatshirts,1
sweet,1
swishing,1
switch tester,1
switzerland,1
swole,1
swords,1
Sybil,1
sylvian,1
sylvian family,1
syndey,1
sypha,1
tabletop,1
tacticle,1
takagi,1
takagisan,1
take care of you,1
takeoff,1
takes care of you,1
takes you to lunch,1
taking care,1
tam,1
tamaki,1
tap on glass,1
Tapping,1
tarabyte,1
targaryen,1
targaryens,1
target,1
tarot,1
tasks,1
taste,1
tasting,1
tatiana,1
tattoo removal,1
tattoo shop,1
taurus,1
tavern,1
tax,1
tea experiment,1
tea party,1
team skull,1
team trees,1
teaxher,1
tech boy,1
technique,1
teen titans go,1
teenager,1
teespring,1
teller,1
telling,1
temporary,1
tent,1
tentacle,1
terabyte,1
terminal,1
terms and conditions,1
test your luck,1
texas,1
texmex,1
text,1
textile,1
textures,1
thank you for the venom,1
that,1
that lead to love,1
the asmr tag,1
the black parade,1
the christmas song,1
the elf,1
the gaming store,1
the hobbit,1
the killers,1
the last dab,1
the last of us,1
the lion the witch and the wardrobe,1
the making of,1
the moon song,1
the national,1
the sims 4,1
the sound of music,1
the warmth,1
the water is wide,1
the way of the househusband,1
the wizard of oz,1
theory,1
things,1
think,1
thinking,1
thoughtfullaptop,1
three cheers for sweet revenge,1
three years apart,1
thrift,1
thrive,1
thrive market,1
throat,1
through,1
throwback,1
tick tock,1
tico,1
ticonderoga,1
tidbits,1
timberland,1
timbs,1
time turning,1
timehop,1
tin,1
tina,1
tina belcher,1
tinder,1
ting,1
tingliest,1
tingting,1
tiptoe,1
tiraradeguello,1
tired,1
tissue box,1
tissues,1
tk,1
tlou,1
tohru,1
tong,1
tongs,1
tongue clicking,1
too much coffee,1
toothbrush,1
toothpick,1
top 10,1
torch,1
totoro,1
toy store,1
toy store roleplay,1
toys,1
tracer,1
trailers,1
transform,1
Travel,1
travel agent,1
travel sized,1
travels,1
treasures,1
treat,1
treat yoself,1
treatments,1
tree asmr,1
trevor belmont,1
trial,1
trial frames,1
trials,1
tribute,1
trick,1
tries,1
Trigger,1
trigger assortment,1
trigger trail,1
triggered,1
Triggers,1
trilingual,1
trio,1
triple,1
triplet,1
triplets,1
trojan war,1
trolls,1
tropical,1
tropical vacation,1
trouble,1
troy,1
trufitt,1
trying asmr,1
tryon,1
tsa,1
tshirt,1
tub,1
tucking you in,1
tula,1
tumbler,1
turkey,1
turn,1
turquoise,1
tutorial island,1
tw,1
tweet,1
twinkies,1
twins,1
two people,1
type 3,1
typist,1
ua,1
uber,1
ugly doll,1
ugly english words,1
ugly side,1
uk,1
ukulele,1
ulta,1
ultima,1
ultimate,1
umbrella,1
uncapping,1
undead,1
undercover,1
unexpected,1
unintelligble,1
unintentional,1
unintentional asmr,1
unique,1
unlock,1
unplanned,1
unsatisfying,1
unscripted,1
unusual,1
unwrapping,1
upclose,1
updates,1
urchin,1
urgent,1
usa-chan,1
vacation,1
vacuum,1
valentines,1
vampire,1
vanity planet,1
varied,1
vatar,1
vault,1
vegemite,1
veggie,1
veggies,1
velvet,1
very important date,1
vest,1
vet,1
vfx,1
vibrating,1
vibration,1
victor,1
victoria,1
victory,1
video call,1
videos,1
viewer,1
viewers,1
viktor,1
vine,1
vinewing,1
violin,1
virgo,1
virtual barber shop,1
virtual reality,1
visit,1
visualizations,1
visuals,1
vitals,1
vitamin,1
vitamins,1
vogue,1
voice acting,1
voices,1
volunteer,1
voodoo,1
voodoo doll,1
vpn,1
vpn for anonymous surfing,1
vpn for iphone,1
vpn what is a,1
vr,1
wachet auf,1
wafers,1
waffle,1
waffles,1
walking,1
walls,1
wan,1
war,1
wario,1
warming,1
warning,1
washing machine,1
washington,1
watches,1
water bottle,1
water wiggler,1
water wigglers,1
waterbender,1
waterbending,1
watercolor,1
waterfall,1
wax hands,1
weapon,1
weapons,1
webkinz,1
webster,1
websters wigs,1
weeb,1
weekend,1
weight lifting,1
weighted blanket,1
weird asmr,1
welcome to dreamland,1
welcome to overwatch,1
welcome to team rocket,1
welcome to the black parade,1
wes anderson,1
wet,1
what my friends think,1
what the heck is asmr,1
whats,1
whats in my bag,1
whats in my closet,1
whats in my purse,1
whats on my phone,1
wheels,1
when the leaves,1
when the partys over,1
when we all fall asleep where do we go,1
whiseprs,1
whisper ramble,1
whisperig,1
whispering video,1
whispers red,1
white teeth,1
whitening,1
whiteout,1
who are reading the tags right now,1
wife,1
wii,1
wii game pad,1
wilbarger,1
wilbarger brushing protocol,1
wild,1
wild thornberrys,1
will anyone ever type tidbits into the search bar,1
wingo,1
winkbeds,1
winky lux,1
winry,1
winter wonderland,1
wiping,1
wire,1
wireless,1
wireless mic,1
wish,1
wish you were gay,1
wisteria,1
witches,1
with me,1
witness protection program,1
wizardry,1
wizards of the coast,1
wobbufett,1
wododen,1
wolfe,1
women,1
woodcutting,1
wooden bowls,1
wooden spoon,1
workbook,1
working,1
world at war,1
world of warcraft,1
world series,1
wormier,1
Worry removal,1
worst,1
worst reviewed dentist,1
wotc,1
would you like some more asmr,1
would you rather,1
wounds,1
woven,1
wpm,1
writing notes,1
wrong prop,1
xanny,1
xbox 360,1
xbox live,1
xbox one,1
xbox360,1
xlr cables,1
yagami,1
yankee candles,1
yaoyorozu,1
yaya,1
yaya han,1
year,1
yelling,1
yellow eyes,1
yelp,1
yep i said shrek,1
yesterday,1
yoda,1
yoi,1
yolk,1
yoself,1
you and me,1
you are more than your work,1
you can see,1
you should see me in a crown,1
your ear,1
your face,1
your fortune,1
your stress,1
youre ok,1
yourself,1
youtooz,1
youtruber,1
YouTube Editor,1
yumi tiger,1
yuri,1
yuru,1
z names,1
zealpc,1
zelda and chill,1
zippo,1
zoe,1
zoo,1
zubat,1
zulu toys,1